{

      "cam_offset" : [ -0.86397753462120619, -4.0618552578874533, 1.9361528713803513 ],
      "camera_pan" : 67.217253753193404,
      "camera_pan_space" : [ 60, 70 ],
      "camera_tilt" : 53.800783754962879,
      "camera_tilt_space" : [ 48, 55 ],
      "img_height" : 480,
      "img_width" : 640,
      "imu_offset" : [ -2.9682944703098744, -3.4106833624295745, 0 ],
      "max_angle_error" : 5,
      "nb_samples" : 500,
      "nb_threads" : 40,
      "neck_offset" : [ 0, 0, 0 ],
      "px_stddev" : 10.529931219446425,
      "px_stddev_space" : [ 1, 20 ],
      "used_indices" : [ 0, 1, 2, 3, 4, 5, 10, 11 ]

}
