{

      "cam_offset" : [ 0.31852044495902732, -1.944839, -1.1626394675037495 ],
      "camera_pan" : 66.602491783837422,
      "camera_pan_space" : [ 60, 70 ],
      "camera_tilt" : 52.116554443614291,
      "camera_tilt_space" : [ 48, 55 ],
      "img_height" : 480,
      "img_width" : 640,
      "imu_offset" : [ 1.8563667321924466, -1.0751288509641874, 0 ],
      "max_angle_error" : 5,
      "nb_samples" : 500,
      "nb_threads" : 60,
      "neck_offset" : [ 0, 0, 0 ],
      "px_stddev" : 5.3125037494915022,
      "px_stddev_space" : [ 1, 20 ],
      "used_indices" : [ 0, 1, 2, 3, 4, 5, 10, 11 ]

}
