{
    "left_ankle_pitch": [
        [0, 0.585938],
        [1, -24.9023],
        [2, -15.8203],
        [3, 21.0938],
        [4, 4.10156],
        [5, -12.3047],
        [6, 1.46484]
    ],
    "left_ankle_roll": [
        [0, -0.292969],
        [1, -8.49609],
        [2, -15.8203],
        [3, -27.5391],
        [4, -29.8828],
        [5, -34.8633],
        [6, -1.17188]
    ],
    "left_elbow": [
        [0, 7.07031],
        [1, 6.19141],
        [2, 6.77734],
        [3, 7.07031],
        [4, 6.77734],
        [5, 6.48438],
        [6, 6.48438]
    ],
    "left_hip_pitch": [
        [0, 0],
        [1, 7.32422],
        [2, -39.2578],
        [3, -47.4609],
        [4, -37.5],
        [5, -57.1289],
        [6, 0.878906]
    ],
    "left_hip_roll": [
        [0, 0.234375],
        [1, 47.9883],
        [2, 25.4297],
        [3, 12.2461],
        [4, 49.7461],
        [5, 31.2891],
        [6, -0.0585938]
    ],
    "left_hip_yaw": [
        [0, 0.292969],
        [1, -15.5273],
        [2, -7.03125],
        [3, 3.22266],
        [4, 1.17188],
        [5, 1.46484],
        [6, 1.17188]
    ],
    "left_knee": [
        [0, 0.292969],
        [1, 51.2695],
        [2, 52.1484],
        [3, 33.3984],
        [4, 27.832],
        [5, 65.0391],
        [6, 1.17188]
    ],
    "left_shoulder_pitch": [
        [0, 0.644531],
        [1, 0.644531],
        [2, 0.644531],
        [3, 0.644531],
        [4, 0.644531],
        [5, 0.644531],
        [6, 1.23047]
    ],
    "left_shoulder_roll": [
        [0, 78.1836],
        [1, 78.1836],
        [2, 78.1836],
        [3, 78.1836],
        [4, 78.1836],
        [5, 78.1836],
        [6, 6.11328]
    ],
    "right_ankle_pitch": [
        [0, -0.292969],
        [1, -24.9023],
        [2, -28.125],
        [3, -21.0938],
        [4, -29.5898],
        [5, -34.8633],
        [6, 0.878906]
    ],
    "right_ankle_roll": [
        [0, -0.292969],
        [1, -13.1836],
        [2, -16.9922],
        [3, -24.3164],
        [4, -12.0117],
        [5, -2.92969],
        [6, 0]
    ],
    "right_elbow": [
        [0, 9.12109],
        [1, 8.82812],
        [2, 8.82812],
        [3, 9.12109],
        [4, 9.12109],
        [5, 8.82812],
        [6, 5.60547]
    ],
    "right_hip_pitch": [
        [0, 0.292969],
        [1, -58.5938],
        [2, -34.8633],
        [3, -44.2383],
        [4, -48.3398],
        [5, -67.6758],
        [6, 1.17188]
    ],
    "right_hip_roll": [
        [0, 0.0585938],
        [1, -6.67969],
        [2, 2.98828],
        [3, 6.21094],
        [4, 1.23047],
        [5, -2.57812],
        [6, -0.820312]
    ],
    "right_hip_yaw": [
        [0, 0.292969],
        [1, -31.0547],
        [2, -7.91016],
        [3, 9.96094],
        [4, -4.39453],
        [5, -2.34375],
        [6, 0.292969]
    ],
    "right_knee": [
        [0, 0.292969],
        [1, 62.1094],
        [2, 63.8672],
        [3, 77.3438],
        [4, 76.1719],
        [5, 96.6797],
        [6, 1.17188]
    ],
    "right_shoulder_pitch": [
        [0, 4.16016],
        [1, 4.16016],
        [2, 4.16016],
        [3, 4.16016],
        [4, 4.16016],
        [5, 4.16016],
        [6, 6.50391]
    ],
    "right_shoulder_roll": [
        [0, -76.1328],
        [1, -76.1328],
        [2, -76.1328],
        [3, -76.1328],
        [4, -76.1328],
        [5, -76.1328],
        [6, 1.50391]
    ],

    "over": [
        [0, 0],
        [7, 0],
        [7.5, 1]
]
}